participant,gender,session,run,collisions,duration,distance,cumrun,fluency,absorption,flow,pi1,pi2,pi3,comp1,comp2,comp3
1,male,1,1,26,233.6104902,24196.5668,1,4.75,6,5.444444444,5,2,3,NA,NA,NA
1,male,1,2,30,204.8506383,24197.4704,2,4.5,4.6,4.555555556,3,2,2,NA,NA,NA
1,male,1,3,20,190.1886616,24199.0428,3,5.25,5.4,5.333333333,5,3,2,NA,NA,NA
1,male,1,4,13,181.412325,24197.93,4,5,5,5,4,3,2,NA,NA,NA
1,male,1,5,18,188.9266819,24197.888,5,4.25,4.6,4.444444444,4,3,2,3,5,4
1,male,2,1,18,184.5798359,24197.5804,6,4,4.8,4.444444444,3,3,3,NA,NA,NA
1,male,2,2,21,173.1694885,24196.4864,7,5.5,5.6,5.555555556,4,4,3,NA,NA,NA
1,male,2,3,20,187.3441868,24196.8392,8,4,5,4.555555556,4,3,3,NA,NA,NA
1,male,2,4,15,173.9569642,24197.6796,9,5,5.8,5.444444444,5,3,2,NA,NA,NA
1,male,2,5,15,197.1903688,24198.8224,10,3.75,4.2,4,3,3,3,3,5,4
1,male,3,1,21,180.8375054,24196.54,11,4.75,4.6,4.666666667,4,3,3,NA,NA,NA
1,male,3,2,17,183.2856364,24198.2896,12,4.25,5.2,4.777777778,4,4,4,NA,NA,NA
1,male,3,3,8,165.785859,24197.8356,13,6.25,5.6,5.888888889,5,4,3,NA,NA,NA
1,male,3,4,18,179.2005323,24197.238,14,4.5,5.6,5.111111111,4,3,3,NA,NA,NA
1,male,3,5,13,179.3182218,24198.8792,15,5,5,5,3,4,3,3,5,4
1,male,4,1,15,180.2571648,24198.1176,16,5,5,5,4,3,3,NA,NA,NA
1,male,4,2,12,181.800892,24198.0888,17,4.5,4.2,4.333333333,4,3,4,NA,NA,NA
1,male,4,3,15,175.5506545,24197.6692,18,5.25,5,5.111111111,4,4,4,NA,NA,NA
1,male,4,4,12,164.389986,24199.4256,19,5.25,5.4,5.333333333,5,5,4,NA,NA,NA
1,male,4,5,17,171.2143714,24196.5744,20,4.25,4.6,4.444444444,4,4,3,3,5,4
1,male,5,1,14,186.7915351,24198.7576,21,3.75,4.2,4,5,4,4,NA,NA,NA
1,male,5,2,12,170.1837644,24198.3928,22,5,5.4,5.222222222,5,4,4,NA,NA,NA
1,male,5,3,11,172.1652783,24196.8748,23,5.5,5.4,5.444444444,4,3,3,NA,NA,NA
1,male,5,4,15,168.9966098,24197.9228,24,5.5,5.8,5.666666667,4,3,3,NA,NA,NA
1,male,5,5,8,169.0804558,24197.9488,25,5.5,6,5.777777778,4,4,3,3,5,4
1,male,6,1,10,162.5695496,24198.5292,26,5,5.4,5.222222222,4,4,2,NA,NA,NA
1,male,6,2,9,163.5492873,24199.2692,27,5.75,5.8,5.777777778,5,4,2,NA,NA,NA
1,male,6,3,8,165.3240091,24199.4136,28,5.5,5.8,5.666666667,4,4,2,NA,NA,NA
1,male,6,4,10,165.5606374,24198.9296,29,5.25,6,5.666666667,4,4,2,NA,NA,NA
1,male,6,5,5,162.1521939,24198.8036,30,6,6,6,5,4,2,2,5,3
1,male,7,1,12,167.7988725,24198.8716,31,4.5,5.8,5.222222222,4,3,3,NA,NA,NA
1,male,7,2,14,165.5837377,24198.5868,32,5,5.8,5.444444444,4,3,2,NA,NA,NA
1,male,7,3,10,166.6046963,24197.4636,33,5,5.2,5.111111111,3,3,2,NA,NA,NA
1,male,7,4,15,174.1932558,24196.608,34,4.5,5,4.777777778,3,3,2,NA,NA,NA
1,male,7,5,8,168.3529698,24198.31,35,5,5.8,5.444444444,4,4,3,3,5,4
1,male,8,1,13,167.804061,24199.0808,36,4,4.8,4.444444444,4,4,3,NA,NA,NA
1,male,8,2,13,183.0893144,24199.288,37,3,4.2,3.666666667,4,3,3,NA,NA,NA
1,male,8,3,7,172.0222739,24199.7388,38,4.75,5.2,5,5,4,4,NA,NA,NA
1,male,8,4,6,171.6342416,24198.318,39,4.75,5,4.888888889,5,4,4,NA,NA,NA
1,male,8,5,7,166.7735661,24197.282,40,5,5,5,6,5,5,3,5,4
2,male,1,1,23,206.9656904,24197.8764,1,3.5,4.6,4.111111111,5,4,2,NA,NA,NA
2,male,1,2,18,193.3625143,24196.8996,2,4.5,5.6,5.111111111,5,4,1,NA,NA,NA
2,male,1,3,19,178.9287638,24198.6992,3,4,4.6,4.333333333,6,3,1,NA,NA,NA
2,male,1,4,14,187.9822143,24197.2244,4,5.25,5.8,5.555555556,6,5,1,NA,NA,NA
2,male,1,5,19,187.5917987,24196.9096,5,4,4.6,4.333333333,5,5,1,2,3,4
2,male,2,1,22,197.6267743,24197.7032,6,4,4.8,4.444444444,5,4,1,NA,NA,NA
2,male,2,2,14,179.4434209,24197.4372,7,5.25,5.8,5.555555556,6,5,1,NA,NA,NA
2,male,2,3,18,179.5581039,24197.8468,8,4.5,5,4.777777778,6,5,1,NA,NA,NA
2,male,2,4,16,181.3516288,24196.6908,9,4.75,4.8,4.777777778,6,6,1,NA,NA,NA
2,male,2,5,13,188.0654821,24197.7536,10,4.5,5.4,5,5,6,1,2,3,5
2,male,3,1,14,182.6470739,24198.0408,11,4.75,4.8,4.777777778,6,5,1,NA,NA,NA
2,male,3,2,15,192.4952647,24198.8908,12,4.25,5.6,5,6,6,1,NA,NA,NA
2,male,3,3,14,180.3164993,24198.63,13,5,5.8,5.444444444,6,6,1,NA,NA,NA
2,male,3,4,10,164.1254409,24197.966,14,5.25,5.8,5.555555556,6,6,1,NA,NA,NA
2,male,3,5,10,167.418445,24199.3304,15,5,6,5.555555556,6,6,1,3,3,4
2,male,4,1,11,162.547467,24197.5216,16,5,5.8,5.444444444,6,6,1,NA,NA,NA
2,male,4,2,11,165.6326658,24198.4716,17,4.75,5.8,5.333333333,6,6,1,NA,NA,NA
2,male,4,3,12,173.8150422,24197.5152,18,5.25,5.8,5.555555556,6,6,1,NA,NA,NA
2,male,4,4,9,171.0901738,24197.9124,19,5.5,6,5.777777778,6,6,1,NA,NA,NA
2,male,4,5,22,183.2731828,24197.9692,20,4.75,5.2,5,6,6,1,2,3,5
2,male,5,1,10,168.0490912,24196.4284,21,4.5,5,4.777777778,6,5,2,NA,NA,NA
2,male,5,2,11,171.3649061,24196.8952,22,4.25,5,4.666666667,6,6,1,NA,NA,NA
2,male,5,3,15,176.9708065,24197.8588,23,4,4.6,4.333333333,6,6,1,NA,NA,NA
2,male,5,4,11,169.8368424,24198.6316,24,4.75,5.6,5.222222222,6,6,2,NA,NA,NA
2,male,5,5,7,177.3657253,24197.3944,25,5,5.8,5.444444444,6,7,1,2,3,4
2,male,6,1,16,176.9662439,24198.0372,26,4,5.8,5,6,6,2,NA,NA,NA
2,male,6,2,9,177.0889498,24196.9912,27,5,6,5.555555556,6,6,1,NA,NA,NA
2,male,6,3,8,163.2995512,24198.3044,28,5,6,5.555555556,7,7,1,NA,NA,NA
2,male,6,4,7,173.0512255,24199.0092,29,4.25,5,4.666666667,6,6,1,NA,NA,NA
2,male,6,5,10,172.3499785,24197.782,30,4.25,6,5.222222222,6,7,2,2,3,5
2,male,7,1,12,175.4370705,24198.3404,31,4.25,6,5.222222222,6,5,1,NA,NA,NA
2,male,7,2,11,166.8127495,24197.468,32,5,5.8,5.444444444,6,6,1,NA,NA,NA
2,male,7,3,7,162.9751646,24196.5892,33,5,5.8,5.444444444,6,6,1,NA,NA,NA
2,male,7,4,6,172.7148336,24196.6232,34,4.5,5.8,5.222222222,6,6,1,NA,NA,NA
2,male,7,5,9,168.7482768,24198.3532,35,4.25,6,5.222222222,5,5,1,3,4,4
2,male,8,1,9,165.0400353,24196.4228,36,4.75,5.6,5.222222222,6,6,2,NA,NA,NA
2,male,8,2,12,165.5473847,24198.566,37,4.75,6,5.444444444,6,7,2,NA,NA,NA
2,male,8,3,6,167.5621234,24198.2836,38,5.25,6,5.666666667,7,7,2,NA,NA,NA
2,male,8,4,11,174.9638123,24198.8052,39,4,5.8,5,6,5,2,NA,NA,NA
2,male,8,5,13,168.926754,24196.8872,40,4,5.6,4.888888889,6,7,3,5,4,4
3,female,1,1,28,253.9577035,24197.2644,1,3.75,6.4,5.222222222,6,3,3,NA,NA,NA
3,female,1,2,37,220.1373905,24197.8512,2,2.25,5,3.777777778,5,2,2,NA,NA,NA
3,female,1,3,24,225.5895098,24198.2972,3,5.25,5.6,5.444444444,3,2,2,NA,NA,NA
3,female,1,4,22,198.3347896,24197.352,4,5.25,5.4,5.333333333,3,2,1,NA,NA,NA
3,female,1,5,23,214.8346694,24197.1708,5,4.5,5.6,5.111111111,3,2,1,4,3,4
3,female,2,1,28,203.1612482,24198.1488,6,3.5,5,4.333333333,4,1,1,NA,NA,NA
3,female,2,2,25,194.7081447,24197.6796,7,4.25,5.4,4.888888889,4,1,2,NA,NA,NA
3,female,2,3,26,190.438415,24196.422,8,4.5,5.2,4.888888889,4,2,2,NA,NA,NA
3,female,2,4,32,197.9607957,24196.4504,9,4.25,5.2,4.777777778,4,1,2,NA,NA,NA
3,female,2,5,24,198.347691,24196.9704,10,4.25,5.4,4.888888889,4,1,1,1,5,5
3,female,3,1,25,196.7754529,24198.1308,11,4,4.8,4.444444444,3,1,1,NA,NA,NA
3,female,3,2,25,193.7205766,24197.7064,12,3,5,4.111111111,3,1,1,NA,NA,NA
3,female,3,3,21,186.5041487,24196.8704,13,5,5.2,5.111111111,3,1,1,NA,NA,NA
3,female,3,4,17,174.4940888,24199.1524,14,5.25,5.4,5.333333333,3,1,1,NA,NA,NA
3,female,3,5,24,201.3548689,24197.1132,15,3.25,4.4,3.888888889,2,1,1,3,5,4
3,female,4,1,20,188.1767838,24197.6284,16,5.25,5.2,5.222222222,3,1,1,NA,NA,NA
3,female,4,2,15,191.0333768,24196.586,17,5,5.6,5.333333333,4,1,1,NA,NA,NA
3,female,4,3,20,181.7496933,24197.7772,18,5.5,5.8,5.666666667,4,1,1,NA,NA,NA
3,female,4,4,21,208.1003815,24198.1876,19,4.5,5,4.777777778,4,1,1,NA,NA,NA
3,female,4,5,19,194.791992,24198.106,20,5,5.8,5.444444444,4,1,1,2,4,4
3,female,5,1,17,225.7557071,24197.4888,21,4.25,5.2,4.777777778,3,1,1,NA,NA,NA
3,female,5,2,20,183.9651918,24197.1412,22,5,5.6,5.333333333,4,2,1,NA,NA,NA
3,female,5,3,23,177.2102383,24196.7208,23,4.75,6,5.444444444,4,1,1,NA,NA,NA
3,female,5,4,12,179.8345946,24198.8136,24,5.75,6.2,6,4,1,1,NA,NA,NA
3,female,5,5,24,173.0876536,24198.9052,25,5,6.2,5.666666667,4,1,1,3,5,4
3,female,6,1,22,193.1204054,24198.5636,26,5,5.8,5.444444444,2,1,1,NA,NA,NA
3,female,6,2,15,191.5482266,24199.208,27,5.75,6.2,6,3,1,1,NA,NA,NA
3,female,6,3,20,180.4643825,24198.5076,28,5.25,6.4,5.888888889,3,1,1,NA,NA,NA
3,female,6,4,16,175.6265193,24197.7668,29,4,5.8,5,3,1,1,NA,NA,NA
3,female,6,5,18,190.3022918,24197.2696,30,3.25,5,4.222222222,3,1,1,3,4,4
3,female,7,1,13,176.0031912,24197.0884,31,6,6.6,6.333333333,5,2,1,NA,NA,NA
3,female,7,2,11,173.5496699,24199.3028,32,6.5,7,6.777777778,5,1,1,NA,NA,NA
3,female,7,3,14,176.2809313,24198.79,33,6.25,6.6,6.444444444,3,1,1,NA,NA,NA
3,female,7,4,14,180.7317607,24197.376,34,6,6.4,6.222222222,4,1,1,NA,NA,NA
3,female,7,5,19,190.9365082,24198.1888,35,5,6.2,5.666666667,3,1,1,3,5,4
3,female,8,1,22,186.8679817,24196.4036,36,4.5,6,5.333333333,5,2,2,NA,NA,NA
3,female,8,2,12,179.1081162,24199.0544,37,6,6.6,6.333333333,4,1,1,NA,NA,NA
3,female,8,3,21,180.8006099,24198.3596,38,4.5,5.8,5.222222222,4,1,1,NA,NA,NA
3,female,8,4,11,167.1485629,24197.1496,39,5.75,6.6,6.222222222,3,1,1,NA,NA,NA
3,female,8,5,19,183.2182802,24197.9316,40,5.25,6.2,5.777777778,3,1,1,2,5,4
4,female,1,1,38,294.1171178,24196.4284,1,2.5,5.6,4.222222222,5,5,5,NA,NA,NA
4,female,1,2,38,244.5934244,24197.474,2,3.5,5.2,4.444444444,5,5,4,NA,NA,NA
4,female,1,3,22,211.3640589,24198.3108,3,4,5.6,4.888888889,5,5,3,NA,NA,NA
4,female,1,4,32,193.9357135,24197.3576,4,3.5,5.2,4.444444444,5,5,4,NA,NA,NA
4,female,1,5,26,222.3141823,24198.3092,5,4,5.8,5,5,3,4,4,3,4
4,female,2,1,40,224.2457177,24196.9332,6,2.5,4.2,3.444444444,5,4,4,NA,NA,NA
4,female,2,2,27,216.9848017,24198.0376,7,3.5,4.8,4.222222222,5,5,4,NA,NA,NA
4,female,2,3,35,209.1736538,24197.2144,8,2.75,5,4,5,5,4,NA,NA,NA
4,female,2,4,25,203.3150807,24197.1456,9,3.75,4.2,4,4,3,3,NA,NA,NA
4,female,2,5,31,203.0389683,24197.6944,10,3.25,4.8,4.111111111,4,4,4,5,2,4
4,female,3,1,31,194.0028926,24197.8452,11,4,5,4.555555556,5,5,3,NA,NA,NA
4,female,3,2,22,200.9774401,24198.5304,12,4,5,4.555555556,5,4,3,NA,NA,NA
4,female,3,3,22,186.0096395,24198.6532,13,4.75,5.2,5,5,2,3,NA,NA,NA
4,female,3,4,25,190.9812362,24197.416,14,4.5,4.8,4.666666667,5,3,3,NA,NA,NA
4,female,3,5,27,199.3894609,24196.4236,15,4.5,5,4.777777778,5,3,3,3,4,4
4,female,4,1,19,205.304618,24197.3048,16,3.25,4.6,4,5,3,4,NA,NA,NA
4,female,4,2,27,200.6179118,24197.6964,17,3,4.6,3.888888889,4,4,4,NA,NA,NA
4,female,4,3,27,201.0597085,24198.7556,18,2.75,4,3.444444444,4,3,5,NA,NA,NA
4,female,4,4,19,193.2088292,24196.4612,19,3.5,4,3.777777778,4,3,4,NA,NA,NA
4,female,4,5,25,184.0607429,24197.204,20,3.75,4.2,4,5,4,4,4,3,4
4,female,5,1,21,188.1686251,24196.6848,21,4.25,4.4,4.333333333,5,4,4,NA,NA,NA
4,female,5,2,12,178.228815,24199.1716,22,4.5,4.4,4.444444444,5,5,3,NA,NA,NA
4,female,5,3,21,190.7685314,24198.384,23,3.75,4.4,4.111111111,5,5,4,NA,NA,NA
4,female,5,4,16,200.7246209,24197.2472,24,3.5,4.4,4,4,3,5,NA,NA,NA
4,female,5,5,30,181.8183575,24198.3188,25,4,4.6,4.333333333,5,4,3,4,4,4
4,female,6,1,23,182.9628464,24196.9836,26,4.5,4.4,4.444444444,5,5,4,NA,NA,NA
4,female,6,2,17,181.7991309,24197.0044,27,3.75,4,3.888888889,4,4,5,NA,NA,NA
4,female,6,3,12,183.4214419,24197.1144,28,4.5,4.4,4.444444444,5,3,3,NA,NA,NA
4,female,6,4,20,190.0944214,24197.3356,29,3.75,3.6,3.666666667,4,4,4,NA,NA,NA
4,female,6,5,19,176.4168291,24197.698,30,4,4,4,5,3,4,4,4,4
4,female,7,1,26,215.3117261,24197.9056,31,2.25,4,3.222222222,4,3,5,NA,NA,NA
4,female,7,2,20,196.1734744,24198.7844,32,3,4.6,3.888888889,6,3,4,NA,NA,NA
4,female,7,3,19,202.6900424,24196.5252,33,3,4,3.555555556,4,4,4,NA,NA,NA
4,female,7,4,16,179.8731444,24196.9492,34,3.75,4,3.888888889,4,3,3,NA,NA,NA
4,female,7,5,16,174.7788421,24196.9224,35,4.5,4.4,4.444444444,4,2,2,3,4,4
4,female,8,1,16,182.6142535,24196.7492,36,4.75,4.2,4.444444444,5,5,3,NA,NA,NA
4,female,8,2,21,169.4308451,24196.8172,37,5,4.4,4.666666667,5,5,3,NA,NA,NA
4,female,8,3,15,172.5498884,24196.7248,38,5.25,4.8,5,5,5,3,NA,NA,NA
4,female,8,4,15,180.3816993,24198.6636,39,4.25,4.4,4.333333333,5,5,3,NA,NA,NA
4,female,8,5,17,176.7490457,24198.6448,40,5,4.8,4.888888889,6,5,2,3,5,4
5,male,1,1,23,194.104408,24196.5988,1,4.25,5.4,4.888888889,6,4,3,NA,NA,NA
5,male,1,2,18,192.3441036,24196.9924,2,4.75,5.6,5.222222222,6,4,3,NA,NA,NA
5,male,1,3,11,187.4127472,24197.5264,3,5.75,6.4,6.111111111,5,5,5,NA,NA,NA
5,male,1,4,17,196.9691588,24197.364,4,2.75,5,4,5,3,5,NA,NA,NA
5,male,1,5,14,187.5968582,24198.6788,5,5,6.4,5.777777778,6,5,5,5,4,4
5,male,2,1,13,189.6966348,24198.2,6,3.75,4.4,4.111111111,6,5,5,NA,NA,NA
5,male,2,2,19,193.8101899,24196.4192,7,3,3.8,3.444444444,6,5,5,NA,NA,NA
5,male,2,3,18,174.2375421,24196.5008,8,5.5,5.8,5.666666667,5,4,3,NA,NA,NA
5,male,2,4,14,185.3683733,24199.0936,9,4.75,5.8,5.333333333,6,5,4,NA,NA,NA
5,male,2,5,16,173.1191905,24197.0916,10,5.5,6.4,6,6,5,3,5,4,4
5,male,3,1,13,179.9146387,24198.7532,11,5.75,5.4,5.555555556,6,4,4,NA,NA,NA
5,male,3,2,13,176.1957486,24197.712,12,5.5,6.2,5.888888889,6,5,5,NA,NA,NA
5,male,3,3,14,165.9060164,24197.1596,13,6.25,6.2,6.222222222,6,6,4,NA,NA,NA
5,male,3,4,12,171.3518703,24197.168,14,6,6.8,6.444444444,7,5,3,NA,NA,NA
5,male,3,5,12,172.2338379,24199.3692,15,5.75,5.6,5.666666667,7,6,5,6,5,4
5,male,4,1,11,175.4699825,24196.6236,16,5,6,5.555555556,6,4,3,NA,NA,NA
5,male,4,2,16,177.3393303,24198.38,17,3.25,5,4.222222222,4,3,4,NA,NA,NA
5,male,4,3,9,171.9437358,24198.4284,18,5.5,6,5.777777778,6,5,3,NA,NA,NA
5,male,4,4,12,179.9272158,24198.2308,19,5.25,6.2,5.777777778,5,5,5,NA,NA,NA
5,male,4,5,11,173.0649626,24198.6308,20,5.5,6.2,5.888888889,6,6,5,6,5,5
5,male,5,1,12,171.6428522,24198.8132,21,5.25,5.8,5.555555556,6,6,5,NA,NA,NA
5,male,5,2,12,176.5488976,24198.4572,22,4.25,5.2,4.777777778,6,5,5,NA,NA,NA
5,male,5,3,8,162.8996007,24198.022,23,6.25,6.6,6.444444444,6,6,4,NA,NA,NA
5,male,5,4,6,167.8543994,24197.2512,24,6.25,7,6.666666667,7,6,4,NA,NA,NA
5,male,5,5,11,168.0088108,24198.4628,25,4.75,5.2,5,6,6,5,6,6,4
5,male,6,1,9,164.0960844,24196.7544,26,6,6.2,6.111111111,6,5,4,NA,NA,NA
5,male,6,2,17,183.3352138,24197.14,27,2.5,3.4,3,4,4,5,NA,NA,NA
5,male,6,3,14,176.2243148,24198.3404,28,3.25,4.2,3.777777778,6,4,5,NA,NA,NA
5,male,6,4,7,169.2932749,24198.5984,29,5.5,5.8,5.666666667,6,5,4,NA,NA,NA
5,male,6,5,12,168.2902303,24199.088,30,5.25,5.8,5.555555556,6,6,5,6,5,4
5,male,7,1,13,167.4134771,24197.0536,31,5.5,5.8,5.666666667,6,6,5,NA,NA,NA
5,male,7,2,7,168.3315448,24197.5732,32,6,5.8,5.888888889,6,5,6,NA,NA,NA
5,male,7,3,8,166.2411232,24199.106,33,6,6.4,6.222222222,7,6,4,NA,NA,NA
5,male,7,4,12,167.6184063,24198.4228,34,5,5.2,5.111111111,6,6,6,NA,NA,NA
5,male,7,5,8,165.8727678,24198.7616,35,6,6.8,6.444444444,7,6,5,6,6,5
5,male,8,1,15,163.3797984,24198.3992,36,5.25,6.4,5.888888889,7,6,5,NA,NA,NA
5,male,8,2,14,174.7809812,24197.4712,37,3.25,4.6,4,6,6,6,NA,NA,NA
5,male,8,3,9,175.4274563,24199.1424,38,4.25,5.6,5,6,3,3,NA,NA,NA
5,male,8,4,11,167.5016246,24197.52,39,5.5,6.6,6.111111111,7,6,5,NA,NA,NA
5,male,8,5,10,165.7276637,24196.5748,40,5.25,6.8,6.111111111,7,6,3,6,6,4
6,male,1,1,24,254.88304,24197.3912,1,5.5,5.2,5.333333333,6,7,3,NA,NA,NA
6,male,1,2,25,227.602132,24197.9796,2,5.25,5.6,5.444444444,6,6,3,NA,NA,NA
6,male,1,3,16,197.9988009,24197.1696,3,6.5,6.4,6.444444444,6,6,3,NA,NA,NA
6,male,1,4,21,203.0274151,24198.6236,4,4.5,5.6,5.111111111,6,6,4,NA,NA,NA
6,male,1,5,26,195.2313095,24196.866,5,4.75,5.8,5.333333333,6,6,3,4,4,5
6,male,2,1,15,181.9801264,24199.014,6,5.25,5.8,5.555555556,6,5,3,NA,NA,NA
6,male,2,2,28,180.9847219,24198.0916,7,3.5,4.8,4.222222222,5,5,3,NA,NA,NA
6,male,2,3,19,216.3835762,24197.0904,8,3.25,2.6,2.888888889,5,5,3,NA,NA,NA
6,male,2,4,24,194.3169168,24197.7712,9,3.75,3.8,3.777777778,5,5,3,NA,NA,NA
6,male,2,5,22,189.6132818,24197.6176,10,4.75,4.2,4.444444444,5,5,4,5,4,5
6,male,3,1,14,199.6074195,24198.0416,11,5.5,5.2,5.333333333,5,5,3,NA,NA,NA
6,male,3,2,24,190.3064419,24198.6304,12,5,5.4,5.222222222,5,4,3,NA,NA,NA
6,male,3,3,18,206.3386974,24198.7548,13,5,5.2,5.111111111,5,3,3,NA,NA,NA
6,male,3,4,19,202.6434936,24196.8136,14,5.25,5.2,5.222222222,5,3,3,NA,NA,NA
6,male,3,5,25,172.6100056,24196.5988,15,6.25,6.6,6.444444444,6,3,3,3,5,4
6,male,4,1,16,174.1694398,24198.3176,16,5.5,5.4,5.444444444,6,3,3,NA,NA,NA
6,male,4,2,20,182.1895224,24198.7348,17,5.25,5.2,5.222222222,6,4,3,NA,NA,NA
6,male,4,3,18,187.8285217,24196.9364,18,5.5,5.4,5.444444444,5,4,3,NA,NA,NA
6,male,4,4,27,212.6094252,24198.0404,19,3.25,2.6,2.888888889,4,4,2,NA,NA,NA
6,male,4,5,19,187.5279658,24198.7808,20,5,4.6,4.777777778,4,3,3,2,3,4
6,male,5,1,18,190.4216091,24197.83,21,5,4.2,4.555555556,5,4,3,NA,NA,NA
6,male,5,2,15,178.6014306,24196.4796,22,6.25,6,6.111111111,7,4,3,NA,NA,NA
6,male,5,3,17,186.4089418,24198.712,23,5,5.8,5.444444444,6,4,3,NA,NA,NA
6,male,5,4,17,187.7130297,24196.6748,24,4.5,5.8,5.222222222,5,3,3,NA,NA,NA
6,male,5,5,20,166.7613293,24197.3228,25,6.25,6.6,6.444444444,6,3,3,4,6,4
6,male,6,1,15,189.0233189,24196.4196,26,4.5,4.4,4.444444444,4,3,3,NA,NA,NA
6,male,6,2,18,179.0373845,24199.2624,27,5.5,5.2,5.333333333,4,4,3,NA,NA,NA
6,male,6,3,19,174.2544208,24196.406,28,5.25,5.4,5.333333333,5,4,3,NA,NA,NA
6,male,6,4,18,189.0427483,24197.306,29,4,4.2,4.111111111,5,4,3,NA,NA,NA
6,male,6,5,17,176.554917,24197.4924,30,5.25,5.2,5.222222222,5,5,4,5,5,5
6,male,7,1,13,178.2297748,24197.8256,31,5.5,5.4,5.444444444,6,4,3,NA,NA,NA
6,male,7,2,19,169.6218992,24197.0412,32,5.5,6.4,6,6,6,5,NA,NA,NA
6,male,7,3,15,185.3038258,24198.3748,33,4.75,5.2,5,6,4,3,NA,NA,NA
6,male,7,4,12,175.2267938,24198.5488,34,6,6,6,7,4,4,NA,NA,NA
6,male,7,5,16,176.0399555,24198.606,35,5.75,6,5.888888889,6,5,4,2,6,3
6,male,8,1,14,179.0410028,24197.0812,36,6.5,6,6.222222222,6,4,4,NA,NA,NA
6,male,8,2,19,177.8285357,24198.9044,37,5.25,5.2,5.222222222,6,4,3,NA,NA,NA
6,male,8,3,19,171.2263686,24198.8836,38,5.75,7,6.444444444,6,4,3,NA,NA,NA
6,male,8,4,16,197.7344306,24198.6776,39,3.5,3.8,3.666666667,6,3,3,NA,NA,NA
6,male,8,5,15,179.4899526,24198.7412,40,5.25,6.4,5.888888889,6,4,3,5,6,4
7,female,1,1,34,300.0973515,24197.5488,1,4.5,6.2,5.444444444,4,2,2,NA,NA,NA
7,female,1,2,33,244.3401316,24196.4716,2,4.5,6,5.333333333,4,2,2,NA,NA,NA
7,female,1,3,31,229.7914602,24196.4076,3,5.25,6,5.666666667,5,1,1,NA,NA,NA
7,female,1,4,30,239.3305738,24197.0776,4,4.75,5.8,5.333333333,5,2,3,NA,NA,NA
7,female,1,5,28,214.9684333,24197.8172,5,5,5.8,5.444444444,5,2,2,4,4,4
7,female,2,1,27,199.5680844,24196.7172,6,4.75,5.2,5,4,2,1,NA,NA,NA
7,female,2,2,21,196.9438577,24196.906,7,4.5,5.8,5.222222222,5,1,1,NA,NA,NA
7,female,2,3,24,213.5249631,24198.4884,8,4.5,5.6,5.111111111,4,2,3,NA,NA,NA
7,female,2,4,26,201.2827765,24198.0816,9,4.25,5.4,4.888888889,4,1,3,NA,NA,NA
7,female,2,5,27,196.9779484,24197.9756,10,5,6.2,5.666666667,5,1,1,2,5,4
7,female,3,1,25,210.8964329,24198.4184,11,4,4.4,4.222222222,3,1,3,NA,NA,NA
7,female,3,2,22,189.098852,24198.3188,12,4.25,5,4.666666667,3,2,2,NA,NA,NA
7,female,3,3,21,198.2244983,24196.9188,13,4.75,5.4,5.111111111,4,1,2,NA,NA,NA
7,female,3,4,24,223.1654405,24197.4184,14,3.5,4.6,4.111111111,4,2,3,NA,NA,NA
7,female,3,5,21,199.5750894,24198.5772,15,4.5,4.8,4.666666667,2,2,2,5,4,4
7,female,4,1,20,202.0293371,24196.7544,16,3.25,4.8,4.111111111,4,1,2,NA,NA,NA
7,female,4,2,30,206.6122728,24197.4176,17,2.75,4.4,3.666666667,3,3,2,NA,NA,NA
7,female,4,3,17,188.4151433,24196.6784,18,4,5,4.555555556,3,1,1,NA,NA,NA
7,female,4,4,23,183.8738243,24198.202,19,4.25,5.2,4.777777778,1,2,1,NA,NA,NA
7,female,4,5,28,196.1985904,24198.604,20,4,4.8,4.444444444,3,3,2,4,4,4
7,female,5,1,25,226.8892815,24197.9228,21,3.5,4.2,3.888888889,3,2,3,NA,NA,NA
7,female,5,2,25,188.6924043,24197.6484,22,4.25,4.8,4.555555556,2,2,1,NA,NA,NA
7,female,5,3,31,189.7792919,24197.5328,23,4,5.4,4.777777778,1,2,2,NA,NA,NA
7,female,5,4,22,193.9597788,24197.614,24,4,5.2,4.666666667,3,2,3,NA,NA,NA
7,female,5,5,29,188.2442147,24197.2856,25,4.25,5.2,4.777777778,4,2,1,3,4,4
7,female,6,1,32,191.7719652,24197.9132,26,3.25,4.2,3.777777778,4,1,2,NA,NA,NA
7,female,6,2,31,205.0057551,24196.6704,27,3.75,3.8,3.777777778,2,3,1,NA,NA,NA
7,female,6,3,21,179.8451394,24198.3348,28,4.75,4.6,4.666666667,2,1,1,NA,NA,NA
7,female,6,4,23,201.9078973,24197.9748,29,4.25,4.2,4.222222222,2,2,1,NA,NA,NA
7,female,6,5,32,208.0398094,24197.348,30,3.5,4.4,4,3,2,3,3,4,4
7,female,7,1,25,204.4810883,24196.8984,31,4.25,5.4,4.888888889,2,2,1,NA,NA,NA
7,female,7,2,19,198.7925821,24197.2384,32,3.75,4,3.888888889,2,1,3,NA,NA,NA
7,female,7,3,19,188.6750565,24197.7088,33,4.75,5,4.888888889,1,2,1,NA,NA,NA
7,female,7,4,18,207.1377708,24198.214,34,3.75,4.6,4.222222222,3,2,3,NA,NA,NA
7,female,7,5,20,189.106828,24196.6916,35,4.5,5.6,5.111111111,5,1,1,3,4,4
7,female,8,1,17,198.9565885,24198.5396,36,4.5,5.4,5,2,1,1,NA,NA,NA
7,female,8,2,22,184.7213502,24196.8124,37,4.5,5.4,5,1,1,2,NA,NA,NA
7,female,8,3,21,187.2053326,24197.7624,38,4.5,5.2,4.888888889,2,2,2,NA,NA,NA
7,female,8,4,22,195.2473456,24197.5736,39,3.75,4.2,4,1,2,2,NA,NA,NA
7,female,8,5,16,195.9195131,24196.7324,40,4,5.2,4.666666667,3,1,2,3,4,4
8,male,1,1,28,200.2175623,24197.8912,1,4.75,6.8,5.888888889,3,6,2,NA,NA,NA
8,male,1,2,19,190.6551296,24196.636,2,5.5,6.8,6.222222222,5,2,2,NA,NA,NA
8,male,1,3,16,188.9796736,24196.938,3,5,6.2,5.666666667,4,2,3,NA,NA,NA
8,male,1,4,15,193.2490279,24196.9496,4,5.25,6.8,6.111111111,4,2,2,NA,NA,NA
8,male,1,5,13,183.2237404,24197.5988,5,6,7,6.555555556,4,2,2,2,4,4
8,male,2,1,19,184.3846962,24198.4108,6,3.5,2.4,2.888888889,2,1,4,NA,NA,NA
8,male,2,2,17,179.6851962,24198.8904,7,3.5,3.6,3.555555556,4,2,3,NA,NA,NA
8,male,2,3,16,170.6570569,24196.7328,8,4.5,4.8,4.666666667,4,2,2,NA,NA,NA
8,male,2,4,11,175.3456589,24196.4572,9,4.75,5.4,5.111111111,4,2,2,NA,NA,NA
8,male,2,5,20,182.8041128,24199.0336,10,2.75,3.2,3,5,2,5,5,4,4
8,male,3,1,20,198.0657457,24197.808,11,3.25,4.4,3.888888889,5,3,2,NA,NA,NA
8,male,3,2,21,169.7115814,24199.2296,12,4.75,5.6,5.222222222,5,2,4,NA,NA,NA
8,male,3,3,14,181.741331,24197.8036,13,4.5,5,4.777777778,5,2,3,NA,NA,NA
8,male,3,4,14,193.8682056,24198.9804,14,4.25,5,4.666666667,5,3,4,NA,NA,NA
8,male,3,5,14,176.1895668,24197.7688,15,5,6.2,5.666666667,7,5,2,6,4,4
8,male,4,1,16,178.4084677,24198.2852,16,3.5,4,3.777777778,5,2,3,NA,NA,NA
8,male,4,2,7,174.4970651,24197.6408,17,5.5,5,5.222222222,5,3,3,NA,NA,NA
8,male,4,3,15,190.6891222,24197.5892,18,3,5,4.111111111,5,2,3,NA,NA,NA
8,male,4,4,13,180.1099934,24198.7564,19,5,5,5,6,3,2,NA,NA,NA
8,male,4,5,25,168.0742239,24197.3496,20,6,6,6,5,5,4,5,5,4
8,male,5,1,17,193.2319856,24198.3196,21,3,3.2,3.111111111,5,2,2,NA,NA,NA
8,male,5,2,13,171.8106705,24196.678,22,4,4.6,4.333333333,5,2,3,NA,NA,NA
8,male,5,3,17,185.1501272,24199.0444,23,4.25,4.6,4.444444444,5,2,3,NA,NA,NA
8,male,5,4,13,171.7976372,24196.9736,24,5.25,5.4,5.333333333,6,2,3,NA,NA,NA
8,male,5,5,12,171.0546627,24197.694,25,5.25,5.8,5.555555556,6,4,2,6,4,4
8,male,6,1,NA,NA,NA,NA,NA,NA,NA,NA,NA,NA,NA,NA,NA
8,male,6,2,15,172.6735007,24196.6844,26,3.5,5.2,4.444444444,6,3,2,NA,NA,NA
8,male,6,3,11,174.7644376,24199.3924,27,4.75,6,5.444444444,6,2,3,NA,NA,NA
8,male,6,4,12,177.1383667,24198.4844,28,4.5,6,5.333333333,6,3,2,NA,NA,NA
8,male,6,5,12,168.9125082,24199.1784,29,5.5,6,5.777777778,7,7,3,6,4,4
8,male,7,1,15,180.9429879,24198.944,30,2.5,3.4,3,5,2,3,NA,NA,NA
8,male,7,2,8,166.0012695,24199.0724,31,5.25,5.8,5.555555556,6,3,2,NA,NA,NA
8,male,7,3,8,166.5340697,24197.8444,32,5.25,5.6,5.444444444,6,4,3,NA,NA,NA
8,male,7,4,13,170.8254719,24198.9732,33,4,4.6,4.333333333,6,3,2,NA,NA,NA
8,male,7,5,15,166.025579,24199.2692,34,5,5.6,5.333333333,6,4,2,6,4,4
8,male,8,1,8,170.0023615,24196.6964,35,5.5,5.8,5.666666667,7,4,4,NA,NA,NA
8,male,8,2,14,172.2858075,24198.1304,36,3,5.6,4.444444444,6,4,3,NA,NA,NA
8,male,8,3,13,167.4702568,24199.6644,37,5.25,6,5.666666667,6,4,3,NA,NA,NA
8,male,8,4,12,173.4609257,24198.1204,38,2.75,6,4.555555556,6,4,3,NA,NA,NA
8,male,8,5,16,167.3743774,24197.34,39,5.5,5.8,5.666666667,6,4,2,5,4,4
9,male,1,1,26,233.0132518,24197.2728,1,4.75,6,5.444444444,6,7,5,NA,NA,NA
9,male,1,2,22,198.2184818,24197.8656,2,5.25,6,5.666666667,6,5,4,NA,NA,NA
9,male,1,3,22,206.7307425,24198.11,3,5.5,5.8,5.666666667,6,5,5,NA,NA,NA
9,male,1,4,25,197.3096875,24198.7076,4,5,5.2,5.111111111,6,5,6,NA,NA,NA
9,male,1,5,24,192.3882214,24197.072,5,6,6.6,6.333333333,6,4,4,1,6,3
9,male,2,1,27,198.5012286,24196.4492,6,4,3.8,3.888888889,5,3,5,NA,NA,NA
9,male,2,2,26,199.566065,24197.7736,7,4.75,5,4.888888889,5,4,4,NA,NA,NA
9,male,2,3,16,192.6071811,24198.7856,8,6.25,6,6.111111111,6,6,5,NA,NA,NA
9,male,2,4,17,183.4181234,24198.1372,9,6,6,6,5,5,3,NA,NA,NA
9,male,2,5,18,187.4979749,24196.9312,10,5.75,6.6,6.222222222,5,5,4,1,6,2
9,male,3,1,29,200.2628327,24197.0956,11,3.5,4.4,4,5,5,4,NA,NA,NA
9,male,3,2,15,196.1135538,24198.5624,12,4.5,5,4.777777778,5,5,4,NA,NA,NA
9,male,3,3,19,192.7519875,24196.8264,13,5,5,5,4,4,4,NA,NA,NA
9,male,3,4,25,196.987122,24197.1748,14,4.5,5,4.777777778,5,5,3,NA,NA,NA
9,male,3,5,23,187.0303965,24197.0724,15,6,6,6,5,4,3,1,6,3
9,male,4,1,20,200.1260291,24198.0296,16,5.75,5.4,5.555555556,5,4,3,NA,NA,NA
9,male,4,2,10,178.4413784,24198.8348,17,6.25,6,6.111111111,6,5,3,NA,NA,NA
9,male,4,3,24,178.9397043,24198.148,18,5.75,6,5.888888889,6,5,5,NA,NA,NA
9,male,4,4,15,181.1876819,24198.2416,19,6,6,6,7,6,3,NA,NA,NA
9,male,4,5,17,178.1105019,24198.0088,20,6,6,6,6,3,3,1,6,2
9,male,5,1,18,164.2309014,24199.1212,21,7,7,7,6,5,3,NA,NA,NA
9,male,5,2,17,180.8683672,24197.5416,22,5.75,6.2,6,5,5,4,NA,NA,NA
9,male,5,3,19,181.3193229,24197.1068,23,6,6,6,5,5,4,NA,NA,NA
9,male,5,4,19,178.7665367,24198.1068,24,5.5,5.6,5.555555556,5,4,4,NA,NA,NA
9,male,5,5,11,174.0065075,24196.588,25,7,7,7,6,6,5,1,6,2
9,male,6,1,14,172.5399019,24198.5688,26,5.25,4.8,5,6,5,5,NA,NA,NA
9,male,6,2,23,182.6684419,24197.6608,27,3.75,4,3.888888889,5,4,4,NA,NA,NA
9,male,6,3,24,171.4646683,24197.5316,28,4.25,4.2,4.222222222,5,5,3,NA,NA,NA
9,male,6,4,22,185.022319,24198.2016,29,5,5,5,5,4,4,NA,NA,NA
9,male,6,5,17,177.7138972,24196.5072,30,4.75,5,4.888888889,5,4,3,1,6,3
9,male,7,1,22,182.1414813,24196.9872,31,3.25,4.2,3.777777778,5,4,4,NA,NA,NA
9,male,7,2,23,191.8823948,24197.4096,32,3.5,4,3.777777778,5,4,4,NA,NA,NA
9,male,7,3,17,183.7471343,24197.77,33,4.75,5,4.888888889,5,4,4,NA,NA,NA
9,male,7,4,21,180.0752326,24197.3392,34,4.5,5,4.777777778,5,4,4,NA,NA,NA
9,male,7,5,11,178.0505998,24197.7696,35,5,5,5,6,4,4,1,6,4
9,male,8,1,27,181.9582866,24197.0944,36,4.75,5,4.888888889,6,4,3,NA,NA,NA
9,male,8,2,14,181.9897461,24199.2872,37,4.75,5,4.888888889,6,5,4,NA,NA,NA
9,male,8,3,10,168.5383471,24196.7328,38,6,6,6,5,5,3,NA,NA,NA
9,male,8,4,15,174.8517584,24196.866,39,5,5,5,5,4,4,NA,NA,NA
9,male,8,5,14,176.3162758,24198.6764,40,5,5,5,5,3,3,1,5,3
10,female,1,1,27,283.0413779,24197.0132,1,3,6,4.666666667,5,3,1,NA,NA,NA
10,female,1,2,34,204.2021268,24197.534,2,4.25,5.4,4.888888889,5,3,1,NA,NA,NA
10,female,1,3,25,193.6902293,24196.566,3,4.5,6,5.333333333,6,4,1,NA,NA,NA
10,female,1,4,20,209.2207119,24197.6608,4,5.5,5.8,5.666666667,6,5,1,NA,NA,NA
10,female,1,5,20,203.7104487,24196.7904,5,4.5,6,5.333333333,6,6,1,2,2,4
10,female,2,1,21,191.0787862,24198.0524,6,4.75,4.6,4.666666667,5,4,1,NA,NA,NA
10,female,2,2,19,196.5720913,24197.6468,7,4.5,4.8,4.666666667,6,5,1,NA,NA,NA
10,female,2,3,23,197.3001447,24197.9928,8,4,4,4,5,4,1,NA,NA,NA
10,female,2,4,21,183.4831093,24198.2356,9,5.5,5,5.222222222,5,4,1,NA,NA,NA
10,female,2,5,24,191.6043833,24197.7396,10,4.5,3.8,4.111111111,5,5,1,2,2,4
10,female,3,1,15,182.279863,24197.9084,11,5.75,5.4,5.555555556,6,5,1,NA,NA,NA
10,female,3,2,24,179.5840697,24198.7256,12,4.75,6.2,5.555555556,6,5,1,NA,NA,NA
10,female,3,3,17,189.111612,24197.4312,13,4.5,5.8,5.222222222,6,5,1,NA,NA,NA
10,female,3,4,18,178.8889232,24198.4224,14,5,5.6,5.333333333,6,5,1,NA,NA,NA
10,female,3,5,24,203.1002263,24197.0736,15,4,5.4,4.777777778,6,5,1,2,3,4
10,female,4,1,17,191.7404419,24198.7376,16,4.5,4.4,4.444444444,6,5,1,NA,NA,NA
10,female,4,2,23,193.0968156,24197.6776,17,4,4.2,4.111111111,5,5,1,NA,NA,NA
10,female,4,3,14,187.3142746,24198.6824,18,5,5.6,5.333333333,6,5,1,NA,NA,NA
10,female,4,4,13,186.8914035,24197.2876,19,4.5,5,4.777777778,6,5,1,NA,NA,NA
10,female,4,5,19,179.5161187,24197.9536,20,4.5,4.6,4.555555556,6,5,1,2,3,4
10,female,5,1,20,214.0357342,24196.4616,21,3.75,3.8,3.777777778,6,5,1,NA,NA,NA
10,female,5,2,17,180.211172,24196.5504,22,5.5,6.4,6,6,5,1,NA,NA,NA
10,female,5,3,13,181.0579101,24199.0256,23,4.75,6.4,5.666666667,6,5,1,NA,NA,NA
10,female,5,4,21,179.1918988,24197.9448,24,5.75,6.2,6,6,5,1,NA,NA,NA
10,female,5,5,19,204.3715772,24198.072,25,3.75,4.4,4.111111111,6,6,1,3,2,4
10,female,6,1,17,194.4699053,24198.1252,26,4.5,3.8,4.111111111,6,5,1,NA,NA,NA
10,female,6,2,11,177.7177114,24196.9032,27,6,6,6,6,5,1,NA,NA,NA
10,female,6,3,24,179.1249465,24196.7768,28,5,6,5.555555556,6,4,1,NA,NA,NA
10,female,6,4,15,179.8719411,24198.268,29,5,4.8,4.888888889,6,4,1,NA,NA,NA
10,female,6,5,16,170.7164324,24197.3428,30,5.25,4.2,4.666666667,6,5,1,2,4,4
10,female,7,1,18,195.5210488,24198.3828,31,4,6.2,5.222222222,7,4,1,NA,NA,NA
10,female,7,2,18,178.3968496,24197.5636,32,5.25,6.2,5.777777778,6,5,1,NA,NA,NA
10,female,7,3,19,169.3769731,24196.884,33,5.75,5.6,5.666666667,6,5,1,NA,NA,NA
10,female,7,4,17,178.6681241,24196.9316,34,5.75,5.6,5.666666667,6,5,1,NA,NA,NA
10,female,7,5,16,170.835074,24197.9588,35,6,5.2,5.555555556,6,4,1,2,4,4
10,female,8,1,14,183.3645632,24197.82,36,4.75,5.6,5.222222222,6,6,1,NA,NA,NA
10,female,8,2,13,171.8353995,24199.096,37,5.5,6,5.777777778,6,6,1,NA,NA,NA
10,female,8,3,11,170.6475773,24196.4796,38,5.75,5.8,5.777777778,6,5,1,NA,NA,NA
10,female,8,4,15,169.3430648,24198.886,39,6,6.2,6.111111111,6,5,1,NA,NA,NA
10,female,8,5,14,169.3430658,24197.3056,40,5.75,5.6,5.666666667,6,5,1,2,4,4
11,female,1,1,29,242.4345682,24196.9384,1,5.25,5.2,5.222222222,6,3,3,NA,NA,NA
11,female,1,2,28,220.6647961,24198.1324,2,5.5,5.6,5.555555556,6,5,4,NA,NA,NA
11,female,1,3,23,204.4052857,24197.1536,3,6,6.2,6.111111111,6,5,5,NA,NA,NA
11,female,1,4,29,204.1001015,24198.188,4,5.5,5.6,5.555555556,6,5,5,NA,NA,NA
11,female,1,5,23,198.3016109,24197.9864,5,6,5.2,5.555555556,6,6,5,3,5,3
11,female,2,1,25,175.8197406,24197.9012,6,5.5,4.6,5,6,5,5,NA,NA,NA
11,female,2,2,21,179.4989036,24197.9892,7,6,6,6,6,5,4,NA,NA,NA
11,female,2,3,19,177.5132103,24197.418,8,5.25,4.8,5,6,5,4,NA,NA,NA
11,female,2,4,22,195.3175897,24197.0928,9,3.75,3.8,3.777777778,6,5,4,NA,NA,NA
11,female,2,5,23,193.0117616,24198.4232,10,4.75,4.4,4.555555556,6,5,4,3,5,3
11,female,3,1,25,178.7362936,24197.7708,11,5.25,4.8,5,6,5,5,NA,NA,NA
11,female,3,2,23,186.4506702,24198.4616,12,4.75,4.8,4.777777778,6,5,5,NA,NA,NA
11,female,3,3,19,181.4141331,24198.9104,13,5.75,5.4,5.555555556,6,5,5,NA,NA,NA
11,female,3,4,14,180.4487136,24197.336,14,5.75,5.8,5.777777778,6,5,5,NA,NA,NA
11,female,3,5,13,177.7190117,24196.7112,15,6,6,6,6,5,5,3,5,4
11,female,4,1,18,194.4529007,24197.5368,16,5,5.2,5.111111111,6,5,5,NA,NA,NA
11,female,4,2,18,188.9595969,24197.2272,17,5.25,5,5.111111111,6,5,5,NA,NA,NA
11,female,4,3,17,184.4656173,24198.2528,18,5.75,5.8,5.777777778,6,5,5,NA,NA,NA
11,female,4,4,20,186.8063574,24198.1292,19,5,5,5,6,5,5,NA,NA,NA
11,female,4,5,14,168.342741,24197.39,20,6.25,6.2,6.222222222,6,5,5,4,3,4
11,female,5,1,17,180.2440343,24196.7132,21,5,5.4,5.222222222,6,5,5,NA,NA,NA
11,female,5,2,19,179.6685817,24197.8156,22,4.75,5,4.888888889,6,5,5,NA,NA,NA
11,female,5,3,15,174.0725431,24198.8704,23,5.5,5.4,5.444444444,6,5,5,NA,NA,NA
11,female,5,4,17,177.4644744,24198.3156,24,5,5,5,6,5,5,NA,NA,NA
11,female,5,5,19,176.7862856,24196.9196,25,5.25,5.6,5.444444444,6,5,5,3,4,3
11,female,6,1,17,181.7367328,24197.0244,26,3.75,5,4.444444444,6,5,5,NA,NA,NA
11,female,6,2,12,172.4964696,24196.7524,27,6,5.8,5.888888889,6,5,5,NA,NA,NA
11,female,6,3,12,169.6799967,24198.1188,28,6,6,6,6,5,5,NA,NA,NA
11,female,6,4,13,184.7716189,24197.2196,29,3.5,5,4.333333333,6,5,5,NA,NA,NA
11,female,6,5,14,171.4791841,24196.9924,30,6,6,6,6,5,5,3,5,3
11,female,7,1,14,174.141402,24198.1856,31,6,5.2,5.555555556,6,5,5,NA,NA,NA
11,female,7,2,13,169.5636421,24198.2396,32,5.75,6,5.888888889,6,5,5,NA,NA,NA
11,female,7,3,14,174.2770427,24198.4468,33,5.5,5.6,5.555555556,6,5,5,NA,NA,NA
11,female,7,4,15,173.2428046,24197.5548,34,5.5,6,5.777777778,6,5,5,NA,NA,NA
11,female,7,5,14,181.2793182,24198.7416,35,4.75,5.2,5,6,5,5,3,5,3
11,female,8,1,21,181.4658181,24197.7488,36,4.5,5,4.777777778,6,5,5,NA,NA,NA
11,female,8,2,18,180.9571795,24197.6876,37,5.5,6,5.777777778,6,5,5,NA,NA,NA
11,female,8,3,15,180.8883594,24198.4252,38,5.25,5,5.111111111,6,5,5,NA,NA,NA
11,female,8,4,17,181.3980035,24197.818,39,5,5,5,6,5,5,NA,NA,NA
11,female,8,5,24,167.1560764,24199.0708,40,5.25,5.2,5.222222222,6,5,5,3,4,3
12,male,1,1,30,187.3149968,24198.8696,1,5.5,6,5.777777778,5,1,1,NA,NA,NA
12,male,1,2,16,179.8719014,24197.7364,2,6,6,6,5,1,1,NA,NA,NA
12,male,1,3,15,181.4646418,24196.4936,3,5.75,6,5.888888889,5,2,2,NA,NA,NA
12,male,1,4,17,182.5846504,24198.758,4,5.75,6.2,6,5,2,2,NA,NA,NA
12,male,1,5,13,175.2263318,24196.734,5,6.5,6.2,6.333333333,5,2,2,3,5,4
12,male,2,1,15,177.3966984,24197.816,6,4,2.6,3.222222222,3,2,2,NA,NA,NA
12,male,2,2,13,168.4276788,24199.4968,7,4.25,3.8,4,5,2,2,NA,NA,NA
12,male,2,3,21,195.5032866,24196.8956,8,2.75,3.6,3.222222222,4,2,2,NA,NA,NA
12,male,2,4,12,164.290738,24196.4304,9,5.5,5.8,5.666666667,5,5,2,NA,NA,NA
12,male,2,5,20,178.1087949,24198.7676,10,3.25,3.8,3.555555556,5,3,2,3,5,4
12,male,3,1,11,177.4633442,24197.2536,11,2.5,3.4,3,5,3,3,NA,NA,NA
12,male,3,2,11,166.1555898,24197.03,12,4.25,4.6,4.444444444,5,4,2,NA,NA,NA
12,male,3,3,18,163.1017582,24197.582,13,4.5,4.6,4.555555556,4,2,2,NA,NA,NA
12,male,3,4,14,171.1063491,24198.8676,14,3,5,4.111111111,4,2,1,NA,NA,NA
12,male,3,5,11,163.3580713,24197.6048,15,6,6,6,5,2,2,3,6,4
12,male,4,1,12,172.0897155,24197.9764,16,3.75,5,4.444444444,5,2,1,NA,NA,NA
12,male,4,2,10,173.0052709,24198.3136,17,3,3.8,3.444444444,5,4,2,NA,NA,NA
12,male,4,3,10,165.1722208,24198.2656,18,4.25,3.8,4,5,2,2,NA,NA,NA
12,male,4,4,13,168.7835619,24196.6828,19,3.75,4.2,4,5,2,2,NA,NA,NA
12,male,4,5,10,177.0225302,24196.5508,20,2.75,4.2,3.555555556,5,2,2,3,5,5
12,male,5,1,5,168.5971014,24199.514,21,5,4.6,4.777777778,5,2,2,NA,NA,NA
12,male,5,2,11,160.9335966,24197.706,22,5.75,5.4,5.555555556,5,4,2,NA,NA,NA
12,male,5,3,11,163.5276588,24197.8272,23,5,5,5,5,4,2,NA,NA,NA
12,male,5,4,8,167.9697786,24197.9536,24,3.75,4,3.888888889,5,4,2,NA,NA,NA
12,male,5,5,8,166.0878099,24198.0724,25,3.75,4.2,4,4,4,2,3,5,4
12,male,6,1,4,161.6290139,24197.8628,26,6,5.2,5.555555556,5,3,2,NA,NA,NA
12,male,6,2,7,163.8161689,24198.7352,27,4.25,5.8,5.111111111,5,3,2,NA,NA,NA
12,male,6,3,10,170.3437228,24196.4844,28,3,3.4,3.222222222,4,3,2,NA,NA,NA
12,male,6,4,12,173.0564681,24198.0832,29,2.75,3,2.888888889,4,3,3,NA,NA,NA
12,male,6,5,10,160.1709099,24197.9184,30,4.75,5.2,5,5,5,3,2,6,4
12,male,7,1,12,166.6984592,24197.1292,31,2,3.4,2.777777778,4,3,2,NA,NA,NA
12,male,7,2,7,167.1562389,24196.7572,32,2.5,3,2.777777778,4,3,2,NA,NA,NA
12,male,7,3,4,160.0003703,24198.2528,33,4.75,4.8,4.777777778,4,4,2,NA,NA,NA
12,male,7,4,9,179.9739816,24197.6656,34,3.75,4.2,4,5,3,3,NA,NA,NA
12,male,7,5,5,167.5292503,24196.9496,35,3.5,4.4,4,5,3,2,4,4,4
12,male,8,1,13,173.6154658,24196.8688,36,2,4,3.111111111,4,3,2,NA,NA,NA
12,male,8,2,9,161.4250862,24196.484,37,5,5,5,5,3,2,NA,NA,NA
12,male,8,3,8,161.4410455,24197.532,38,4.25,5,4.666666667,5,3,2,NA,NA,NA
12,male,8,4,11,172.9881453,24199.0032,39,3.5,4,3.777777778,4,3,2,NA,NA,NA
12,male,8,5,10,168.0872598,24197.636,40,3,4.2,3.666666667,5,4,3,3,5,5
13,male,1,1,24,227.9049307,24197.8196,1,4.25,5.2,4.777777778,6,4,3,NA,NA,NA
13,male,1,2,25,211.2723836,24196.4348,2,4.25,5.4,4.888888889,5,3,2,NA,NA,NA
13,male,1,3,14,178.4311497,24197.5776,3,5.5,6,5.777777778,6,3,2,NA,NA,NA
13,male,1,4,23,198.9124108,24197.4176,4,4.5,5,4.777777778,5,3,2,NA,NA,NA
13,male,1,5,20,180.6691725,24196.6824,5,4.5,4.8,4.666666667,5,3,2,5,4,4
13,male,2,1,18,166.5117972,24197.5772,6,5.25,5.4,5.333333333,6,3,2,NA,NA,NA
13,male,2,2,24,177.5153817,24196.6272,7,5,5,5,5,3,2,NA,NA,NA
13,male,2,3,18,181.2623639,24198.3224,8,4,4.6,4.333333333,5,3,2,NA,NA,NA
13,male,2,4,14,178.9565266,24198.9124,9,4.5,4.8,4.666666667,5,3,2,NA,NA,NA
13,male,2,5,11,170.8691484,24198.0556,10,5.5,5.8,5.666666667,5,3,2,5,5,4
13,male,3,1,14,180.2281324,24198.196,11,4,4.8,4.444444444,5,3,2,NA,NA,NA
13,male,3,2,13,175.4808229,24196.9548,12,4.75,4.2,4.444444444,5,3,2,NA,NA,NA
13,male,3,3,9,182.1260547,24197.588,13,4,4.2,4.111111111,5,3,2,NA,NA,NA
13,male,3,4,11,171.5642916,24197.6244,14,4.25,5,4.666666667,5,3,2,NA,NA,NA
13,male,3,5,16,190.1805185,24198.3684,15,3.25,3.8,3.555555556,5,3,2,4,3,4
13,male,4,1,14,172.5646161,24197.4716,16,5,5,5,5,3,2,NA,NA,NA
13,male,4,2,17,170.920021,24197.866,17,4.25,4.4,4.333333333,5,3,2,NA,NA,NA
13,male,4,3,14,174.3787664,24196.5604,18,4.25,4.8,4.555555556,5,3,2,NA,NA,NA
13,male,4,4,14,165.6810225,24196.786,19,5.5,5.4,5.444444444,5,3,3,NA,NA,NA
13,male,4,5,15,162.7478651,24196.7528,20,5.5,5.6,5.555555556,5,3,2,4,5,4
13,male,5,1,17,190.2481511,24198.2512,21,3,4,3.555555556,5,3,2,NA,NA,NA
13,male,5,2,11,166.8507138,24197.4844,22,5.25,5,5.111111111,5,3,2,NA,NA,NA
13,male,5,3,15,173.885916,24198.7496,23,4.25,5,4.666666667,5,3,2,NA,NA,NA
13,male,5,4,14,171.5132601,24196.7268,24,4.25,5,4.666666667,5,3,2,NA,NA,NA
13,male,5,5,15,173.6495441,24197.2188,25,4,5,4.555555556,5,3,2,4,4,4
13,male,6,1,14,168.7499826,24199.052,26,4.25,4.4,4.333333333,5,3,2,NA,NA,NA
13,male,6,2,12,173.0056093,24197.4148,27,4,4.2,4.111111111,5,3,2,NA,NA,NA
13,male,6,3,15,171.4617319,24197.5248,28,4.25,5,4.666666667,5,3,2,NA,NA,NA
13,male,6,4,10,172.0391893,24196.4848,29,4.25,4.4,4.333333333,5,3,2,NA,NA,NA
13,male,6,5,11,169.1738527,24197.4552,30,5,5,5,5,3,2,4,5,4
13,male,7,1,23,169.0212548,24196.5168,31,4,4.8,4.444444444,5,3,2,NA,NA,NA
13,male,7,2,16,174.7349853,24197.4724,32,4,4.2,4.111111111,5,3,2,NA,NA,NA
13,male,7,3,9,164.8494065,24197.0532,33,6,5.8,5.888888889,5,3,2,NA,NA,NA
13,male,7,4,11,172.446101,24196.84,34,4.25,4.2,4.222222222,5,3,2,NA,NA,NA
13,male,7,5,8,168.0378807,24197.3732,35,5,5,5,5,3,2,4,5,4
13,male,8,1,7,164.6806544,24198.2624,36,5,6,5.555555556,5,3,2,NA,NA,NA
13,male,8,2,13,167.2737208,24196.628,37,4,4,4,5,3,2,NA,NA,NA
13,male,8,3,13,174.2600435,24197.4552,38,3,4,3.555555556,5,3,2,NA,NA,NA
13,male,8,4,10,173.1240764,24199.1384,39,4,4,4,5,3,2,NA,NA,NA
13,male,8,5,24,170.8182434,24198.2896,40,3,4,3.555555556,5,3,2,4,5,4
14,male,1,1,23,206.4901646,24197.4512,1,3.25,4.4,3.888888889,6,2,2,NA,NA,NA
14,male,1,2,25,243.82539,24198.0608,2,4,5,4.555555556,6,3,2,NA,NA,NA
14,male,1,3,17,186.3489899,24197.1044,3,4.25,4.6,4.444444444,6,3,2,NA,NA,NA
14,male,1,4,25,176.2270416,24197.7152,4,3.25,5,4.222222222,6,2,2,NA,NA,NA
14,male,1,5,14,182.822416,24197.3848,5,4.25,4.8,4.555555556,6,2,2,4,3,4
14,male,2,1,15,196.4028821,24196.7512,6,3.5,4,3.777777778,6,2,2,NA,NA,NA
14,male,2,2,14,177.1423799,24198.2492,7,4.25,4.4,4.333333333,6,1,2,NA,NA,NA
14,male,2,3,17,202.6082919,24197.356,8,3.5,4.4,4,6,1,2,NA,NA,NA
14,male,2,4,15,178.6174362,24198.734,9,4.25,5,4.666666667,6,1,2,NA,NA,NA
14,male,2,5,15,176.9897866,24198.224,10,3.75,4.8,4.333333333,6,1,2,3,4,4
14,male,3,1,11,182.737236,24196.778,11,4.25,4.4,4.333333333,6,2,3,NA,NA,NA
14,male,3,2,12,175.0059165,24198.3764,12,5,4.6,4.777777778,6,2,1,NA,NA,NA
14,male,3,3,12,186.6697222,24197.622,13,4.5,4.8,4.666666667,6,1,2,NA,NA,NA
14,male,3,4,12,177.8712514,24197.4396,14,4.5,4.8,4.666666667,6,1,2,NA,NA,NA
14,male,3,5,9,171.1572087,24196.9488,15,5.25,4.8,5,6,1,2,3,5,4
14,male,4,1,9,170.2586154,24198.2092,16,4.75,4.8,4.777777778,6,1,2,NA,NA,NA
14,male,4,2,9,166.3929563,24199.048,17,4.75,5.4,5.111111111,6,1,2,NA,NA,NA
14,male,4,3,14,179.7871303,24196.772,18,4.5,5.2,4.888888889,6,1,2,NA,NA,NA
14,male,4,4,9,166.9524594,24198.1276,19,4.5,5.2,4.888888889,6,1,2,NA,NA,NA
14,male,4,5,13,173.2934967,24197.3496,20,4.5,5,4.777777778,6,1,2,3,6,4
14,male,5,1,14,171.9540795,24199.0352,21,4,4.8,4.444444444,6,1,2,NA,NA,NA
14,male,5,2,11,180.4653171,24199.2876,22,4.5,4.8,4.666666667,6,1,2,NA,NA,NA
14,male,5,3,9,162.2729748,24198.7108,23,5,4.6,4.777777778,6,1,2,NA,NA,NA
14,male,5,4,10,170.8689866,24197.4184,24,5,5,5,6,1,2,NA,NA,NA
14,male,5,5,12,171.1741684,24197.8468,25,5,4.8,4.888888889,6,1,2,2,6,4
14,male,6,1,14,180.6348643,24196.5784,26,4,4.6,4.333333333,6,1,3,NA,NA,NA
14,male,6,2,15,178.2781672,24199.2768,27,4,4.8,4.444444444,6,1,3,NA,NA,NA
14,male,6,3,13,163.8148507,24198.0836,28,5.25,5.4,5.333333333,6,1,3,NA,NA,NA
14,male,6,4,10,165.0535403,24198.912,29,4.5,5.2,4.888888889,7,1,2,NA,NA,NA
14,male,6,5,9,173.902871,24197.0544,30,4.5,5,4.777777778,6,1,3,3,5,4
14,male,7,1,10,167.4441291,24196.8204,31,4.75,5.2,5,7,1,2,NA,NA,NA
14,male,7,2,12,170.9028937,24197.91,32,4.5,5.4,5,7,2,2,NA,NA,NA
14,male,7,3,16,169.783886,24198.0972,33,4.5,5.2,4.888888889,7,1,2,NA,NA,NA
14,male,7,4,10,164.3923075,24196.7184,34,5,5.4,5.222222222,7,2,2,NA,NA,NA
14,male,7,5,14,170.6136659,24197.4172,35,4.5,5.2,4.888888889,7,2,3,3,5,4
14,male,8,1,14,173.5311571,24196.9808,36,4.75,5.2,5,7,2,2,NA,NA,NA
14,male,8,2,12,173.6159348,24196.9888,37,4.5,5.2,4.888888889,7,2,3,NA,NA,NA
14,male,8,3,11,170.1741348,24198.1076,38,4.5,5.2,4.888888889,7,2,2,NA,NA,NA
14,male,8,4,10,171.970343,24198.7788,39,4.5,5.2,4.888888889,7,2,2,NA,NA,NA
14,male,8,5,10,167.5461579,24197.8272,40,4.75,5.2,5,7,2,2,3,6,4
15,male,1,1,26,226.4295995,24197.3192,1,4.75,6.2,5.555555556,6,2,1,NA,NA,NA
15,male,1,2,19,211.6620826,24197.2144,2,4.75,6.6,5.777777778,6,2,1,NA,NA,NA
15,male,1,3,13,179.3803975,24197.5772,3,5.5,6.6,6.111111111,6,1,1,NA,NA,NA
15,male,1,4,16,192.3168054,24196.8156,4,5.75,6.8,6.333333333,6,1,1,NA,NA,NA
15,male,1,5,15,184.7889297,24197.6352,5,5.25,6.6,6,7,2,1,4,4,3
15,male,2,1,17,176.0568887,24199.2952,6,5,7,6.111111111,5,1,1,NA,NA,NA
15,male,2,2,14,189.0950265,24198.932,7,5,7,6.111111111,4,1,1,NA,NA,NA
15,male,2,3,11,171.003415,24197.2848,8,4.25,6.8,5.666666667,7,1,1,NA,NA,NA
15,male,2,4,13,179.0748194,24198.4952,9,4.25,6.6,5.555555556,6,1,1,NA,NA,NA
15,male,2,5,18,165.5948872,24197.3504,10,4.25,6.4,5.444444444,7,1,1,6,2,4
15,male,3,1,16,169.4447908,24199.408,11,5.25,6.4,5.888888889,7,2,1,NA,NA,NA
15,male,3,2,15,166.6133669,24197.9984,12,4,6.8,5.555555556,7,2,1,NA,NA,NA
15,male,3,3,10,163.391982,24198.832,13,4,7,5.666666667,7,2,1,NA,NA,NA
15,male,3,4,12,176.1757916,24197.2016,14,4.25,7,5.777777778,7,2,1,NA,NA,NA
15,male,3,5,12,170.9028934,24196.4952,15,4.25,7,5.777777778,7,1,1,5,2,3
15,male,4,1,17,175.155516,24196.8284,16,3.25,6.8,5.222222222,6,1,1,NA,NA,NA
15,male,4,2,15,171.746636,24198.4772,17,4.25,7,5.777777778,7,1,1,NA,NA,NA
15,male,4,3,14,208.4733985,24198.2804,18,4.25,6.6,5.555555556,7,1,1,NA,NA,NA
15,male,4,4,11,170.8460449,24197.2512,19,3.75,7,5.555555556,7,1,1,NA,NA,NA
15,male,4,5,17,167.6745292,24197.1512,20,3.25,7,5.333333333,7,1,1,6,2,3
15,male,5,1,14,178.4309314,24199.3548,21,3.75,6.6,5.333333333,7,1,1,NA,NA,NA
15,male,5,2,15,180.8554495,24197.5736,22,3.25,6.4,5,6,1,1,NA,NA,NA
15,male,5,3,10,168.7488213,24196.5608,23,3.75,6.8,5.444444444,7,1,1,NA,NA,NA
15,male,5,4,10,170.2587804,24199.0132,24,5.5,6.8,6.222222222,7,1,1,NA,NA,NA
15,male,5,5,12,170.7165614,24197.2648,25,3.25,6.2,4.888888889,6,2,1,5,2,4
15,male,6,1,8,165.9351804,24198.76,26,4.25,6.6,5.555555556,6,1,1,NA,NA,NA
15,male,6,2,12,165.9012714,24196.7384,27,3.5,6.6,5.222222222,7,1,1,NA,NA,NA
15,male,6,3,10,164.7822673,24196.802,28,5,6.8,6,7,1,1,NA,NA,NA
15,male,6,4,9,183.4662921,24197.01,29,4.75,7,6,6,1,1,NA,NA,NA
15,male,6,5,18,172.0897223,24196.4752,30,3.5,6.6,5.222222222,7,2,1,6,2,4
15,male,7,1,16,183.7714736,24197.3724,31,4.75,6.8,5.888888889,6,1,1,NA,NA,NA
15,male,7,2,14,167.1220051,24197.7152,32,4,6.6,5.444444444,7,1,1,NA,NA,NA
15,male,7,3,11,169.8676615,24198.65,33,4.25,6.6,5.555555556,7,1,1,NA,NA,NA
15,male,7,4,10,164.4940352,24197.3976,34,4.5,6.8,5.777777778,6,1,1,NA,NA,NA
15,male,7,5,6,168.6479257,24197.1332,35,4.25,7,5.777777778,7,2,1,5,3,4
15,male,8,1,4,164.0532541,24199.6252,36,5.25,6.8,6.111111111,7,1,1,NA,NA,NA
15,male,8,2,5,164.2058473,24197.1172,37,5,7,6.111111111,7,1,1,NA,NA,NA
15,male,8,3,9,166.8338142,24197.9484,38,4.25,6.8,5.666666667,7,1,1,NA,NA,NA
15,male,8,4,6,164.2736638,24198.6932,39,5.5,7,6.333333333,7,1,1,NA,NA,NA
15,male,8,5,10,167.3085483,24198.6292,40,5,6.8,6,7,2,1,6,2,4
16,female,1,1,38,413.3205303,24196.4916,1,3.5,2.8,3.111111111,7,5,5,NA,NA,NA
16,female,1,2,38,241.6865719,24196.4216,2,2,3.2,2.666666667,7,5,6,NA,NA,NA
16,female,1,3,28,250.0302575,24198.0968,3,3,3,3,7,5,6,NA,NA,NA
16,female,1,4,32,250.3863037,24197.36,4,3.5,3.2,3.333333333,7,6,6,NA,NA,NA
16,female,1,5,42,223.8183689,24197.5012,5,3.25,3.6,3.444444444,7,7,6,3,4,4
16,female,2,1,43,242.8753915,24196.9776,6,3,2.6,2.777777778,6,6,6,NA,NA,NA
16,female,2,2,36,244.1809014,24197.0876,7,3.5,3.8,3.666666667,7,6,5,NA,NA,NA
16,female,2,3,29,215.3410371,24198.1472,8,4,4.6,4.333333333,7,6,4,NA,NA,NA
16,female,2,4,37,210.678505,24197.5404,9,3,3.6,3.333333333,6,6,6,NA,NA,NA
16,female,2,5,31,199.1154327,24196.8968,10,4.5,4.6,4.555555556,7,7,5,3,3,4
16,female,3,1,28,234.2798378,24197.676,11,5,5.2,5.111111111,7,6,4,NA,NA,NA
16,female,3,2,35,197.8781324,24196.4668,12,4.25,4.8,4.555555556,7,6,6,NA,NA,NA
16,female,3,3,23,207.0845252,24196.7332,13,5.5,5.8,5.666666667,7,6,5,NA,NA,NA
16,female,3,4,28,218.3932986,24197.3912,14,3.25,3.6,3.444444444,7,6,7,NA,NA,NA
16,female,3,5,24,210.2380934,24197.416,15,4.75,5,4.888888889,7,6,6,2,5,4
16,female,4,1,27,202.032032,24196.7232,16,5,3.8,4.333333333,7,6,5,NA,NA,NA
16,female,4,2,27,241.0956224,24196.9452,17,2.75,3.4,3.111111111,6,6,5,NA,NA,NA
16,female,4,3,17,199.5057805,24198.1456,18,5.25,4.8,5,7,6,5,NA,NA,NA
16,female,4,4,23,202.778037,24196.832,19,4.75,4.8,4.777777778,7,6,6,NA,NA,NA
16,female,4,5,17,185.1112548,24198.8548,20,6,5.4,5.666666667,7,6,5,3,5,4
16,female,5,1,25,200.5569684,24197.0832,21,4.5,4.4,4.444444444,7,6,4,NA,NA,NA
16,female,5,2,22,189.0108303,24197.6904,22,5.25,5.2,5.222222222,7,6,5,NA,NA,NA
16,female,5,3,23,189.0267888,24196.9048,23,5.5,5.8,5.666666667,7,6,5,NA,NA,NA
16,female,5,4,26,194.0124616,24198.1648,24,4,4.8,4.444444444,7,5,6,NA,NA,NA
16,female,5,5,17,199.1497358,24197.4484,25,4.5,4.4,4.444444444,7,6,6,3,5,4
16,female,6,1,23,202.4046374,24196.4788,26,4.75,4.6,4.666666667,7,6,6,NA,NA,NA
16,female,6,2,18,198.9967527,24198.0184,27,4.25,4.8,4.555555556,7,6,5,NA,NA,NA
16,female,6,3,21,196.1653256,24197.138,28,5.25,5.6,5.444444444,7,6,6,NA,NA,NA
16,female,6,4,19,178.2781677,24197.3964,29,5.5,5.8,5.666666667,7,6,4,NA,NA,NA
16,female,6,5,21,184.127524,24197.0064,30,5.5,5.2,5.333333333,7,6,6,3,5,4
16,female,7,1,32,214.3747783,24197.1332,31,2.25,2.6,2.444444444,5,4,5,NA,NA,NA
16,female,7,2,21,195.0803711,24196.9192,32,2.25,3.2,2.777777778,7,6,6,NA,NA,NA
16,female,7,3,24,185.990674,24198.5936,33,4.5,4,4.222222222,7,6,5,NA,NA,NA
16,female,7,4,18,183.1931581,24197.4668,34,5.25,4.8,5,7,6,6,NA,NA,NA
16,female,7,5,17,184.9065812,24197.0104,35,4.75,4.8,4.777777778,7,6,6,3,5,4
16,female,8,1,21,195.38522,24198.4384,36,3,3.8,3.444444444,7,5,6,NA,NA,NA
16,female,8,2,18,182.7201069,24198.3748,37,4.5,4.8,4.666666667,7,5,6,NA,NA,NA
16,female,8,3,14,176.6154402,24198.7432,38,5,5.4,5.222222222,7,5,5,NA,NA,NA
16,female,8,4,20,198.0979681,24198.7892,39,3.5,3.8,3.666666667,7,5,6,NA,NA,NA
16,female,8,5,20,183.0252908,24197.4628,40,4.75,5,4.888888889,7,6,6,4,5,4
17,female,1,1,38,277.5985209,24197.6228,1,5,6,5.555555556,6,7,4,NA,NA,NA
17,female,1,2,27,220.0374759,24197.9232,2,5.25,7,6.222222222,7,7,4,NA,NA,NA
17,female,1,3,37,238.9419112,24196.5392,3,5,6.6,5.888888889,7,7,4,NA,NA,NA
17,female,1,4,20,219.6983818,24197.8996,4,6,7,6.555555556,7,7,4,NA,NA,NA
17,female,1,5,26,205.3198456,24198.3572,5,6,7,6.555555556,7,7,4,3,3,4
17,female,2,1,28,207.9996687,24197.2864,6,5.25,5.4,5.333333333,7,7,3,NA,NA,NA
17,female,2,2,21,204.981744,24197.2656,7,5.75,6.2,6,7,7,3,NA,NA,NA
17,female,2,3,17,198.4202946,24197.8764,8,6.25,6.4,6.333333333,7,7,3,NA,NA,NA
17,female,2,4,26,205.185199,24197.2092,9,5,6.2,5.666666667,7,7,3,NA,NA,NA
17,female,2,5,21,224.9882286,24198.184,10,4.75,5.8,5.333333333,7,7,3,5,3,4
17,female,3,1,22,204.7607348,24197.4908,11,5,6.2,5.666666667,7,7,3,NA,NA,NA
17,female,3,2,26,188.3495976,24197.0832,12,5,6.2,5.666666667,7,7,4,NA,NA,NA
17,female,3,3,20,186.0776705,24198.4756,13,5.25,6.2,5.777777778,7,7,4,NA,NA,NA
17,female,3,4,22,194.7584706,24196.4916,14,4.5,6.2,5.444444444,7,7,4,NA,NA,NA
17,female,3,5,26,206.7284778,24197.3848,15,4.25,5.4,4.888888889,7,7,3,4,3,5
17,female,4,1,23,200.7993209,24198.074,16,4.25,5.6,5,7,7,3,NA,NA,NA
17,female,4,2,23,188.5869623,24197.5652,17,4.5,5.8,5.222222222,7,7,3,NA,NA,NA
17,female,4,3,23,176.3117706,24198.4924,18,6.25,6.6,6.444444444,7,7,4,NA,NA,NA
17,female,4,4,21,186.1285382,24198.046,19,5,7,6.111111111,7,7,3,NA,NA,NA
17,female,4,5,21,199.9805103,24197.768,20,3.5,6,4.888888889,7,7,5,4,4,4
17,female,5,1,18,195.724885,24197.8752,21,4,5.8,5,7,7,2,NA,NA,NA
17,female,5,2,20,198.8784598,24196.9476,22,4.25,5.8,5.111111111,7,7,3,NA,NA,NA
17,female,5,3,21,182.0933219,24198.3564,23,4.5,6.4,5.555555556,7,7,3,NA,NA,NA
17,female,5,4,24,180.075711,24197.308,24,5.5,7,6.333333333,7,7,3,NA,NA,NA
17,female,5,5,15,189.9263843,24197.07,25,4.5,6.8,5.777777778,7,7,3,5,4,5
17,female,6,1,21,176.5648788,24196.9192,26,5.25,5.6,5.444444444,7,7,3,NA,NA,NA
17,female,6,2,22,190.7738855,24198.2696,27,5.5,5.4,5.444444444,7,7,5,NA,NA,NA
17,female,6,3,20,178.2433921,24196.7992,28,5.25,6,5.666666667,7,7,4,NA,NA,NA
17,female,6,4,31,183.8563796,24197.5196,29,4.25,5.2,4.777777778,7,7,5,NA,NA,NA
17,female,6,5,19,187.9763778,24197.51,30,4,4.6,4.333333333,7,7,5,6,4,5
17,female,7,1,23,195.9111456,24198.1472,31,3.25,4.6,4,7,7,5,NA,NA,NA
17,female,7,2,25,185.4491222,24197.0196,32,4,5.2,4.666666667,7,7,5,NA,NA,NA
17,female,7,3,13,194.4011858,24197.5644,33,3,3.8,3.444444444,7,7,5,NA,NA,NA
17,female,7,4,22,178.3122044,24197.9636,34,4.25,5.2,4.777777778,7,7,5,NA,NA,NA
17,female,7,5,16,178.3969809,24199.2124,35,4.75,5.2,5,7,7,5,6,3,6
17,female,8,1,23,187.1795416,24196.5888,36,3.5,4.8,4.222222222,7,7,5,NA,NA,NA
17,female,8,2,20,206.6265447,24197.0272,37,3,3.6,3.333333333,7,6,6,NA,NA,NA
17,female,8,3,13,180.4824452,24198.9748,38,5.25,5.8,5.555555556,7,7,4,NA,NA,NA
17,female,8,4,17,176.8361958,24197.9444,39,5.5,6.6,6.111111111,7,7,4,NA,NA,NA
17,female,8,5,19,181.4488646,24198.754,40,4.5,5.8,5.222222222,7,7,6,5,3,5
18,female,1,1,29,279.5655294,24196.7476,1,6,5,5.444444444,4,2,1,NA,NA,NA
18,female,1,2,29,241.8074836,24197.832,2,5,5.8,5.444444444,4,2,1,NA,NA,NA
18,female,1,3,26,222.0383391,24198.2176,3,5.5,6,5.777777778,4,3,1,NA,NA,NA
18,female,1,4,28,239.9763814,24197.5332,4,5.75,5.8,5.777777778,3,3,1,NA,NA,NA
18,female,1,5,24,221.987476,24196.4392,5,5.75,4.8,5.222222222,4,2,1,2,5,4
18,female,2,1,23,215.188655,24196.5296,6,5.75,4.6,5.111111111,3,2,1,NA,NA,NA
18,female,2,2,25,229.5831686,24197.0348,7,5.25,4.8,5,3,2,1,NA,NA,NA
18,female,2,3,23,223.7846745,24197.3924,8,5,5,5,4,2,1,NA,NA,NA
18,female,2,4,28,221.6314282,24196.6168,9,4.5,4.8,4.666666667,3,2,1,NA,NA,NA
18,female,2,5,21,223.0376674,24196.524,10,4.5,4.8,4.666666667,3,2,1,3,3,4
18,female,3,1,19,196.0976974,24198.4528,11,4.75,4.2,4.444444444,4,2,1,NA,NA,NA
18,female,3,2,18,203.5238375,24197.0224,12,4.5,4.8,4.666666667,4,2,1,NA,NA,NA
18,female,3,3,21,192.2828964,24197.2492,13,4.75,4.6,4.666666667,4,2,1,NA,NA,NA
18,female,3,4,28,203.3203872,24197.1868,14,4,4.2,4.111111111,4,2,2,NA,NA,NA
18,female,3,5,19,204.38853,24198.0076,15,4.5,4.6,4.555555556,5,2,2,5,4,4
18,female,4,1,14,191.0281173,24198.6896,16,5,4.6,4.777777778,4,3,1,NA,NA,NA
18,female,4,2,18,182.4320919,24196.5368,17,4.5,4,4.222222222,4,2,1,NA,NA,NA
18,female,4,3,22,183.6857475,24198.7792,18,4.5,4.6,4.555555556,4,2,1,NA,NA,NA
18,female,4,4,22,207.6436767,24196.5268,19,3.25,4,3.666666667,4,2,1,NA,NA,NA
18,female,4,5,17,179.5498094,24197.6028,20,4.75,5,4.888888889,4,3,1,4,4,4
18,female,5,1,27,189.6378762,24197.3932,21,3.5,4.2,3.888888889,4,3,1,NA,NA,NA
18,female,5,2,26,180.0754454,24197.5372,22,4,4.8,4.444444444,4,2,2,NA,NA,NA
18,female,5,3,15,176.2945576,24196.8828,23,4.5,4.8,4.666666667,4,2,1,NA,NA,NA
18,female,5,4,13,182.4151914,24196.8556,24,5,4.8,4.888888889,4,2,1,NA,NA,NA
18,female,5,5,15,185.3144398,24197.6248,25,4.75,4.8,4.777777778,4,2,1,4,3,5
18,female,6,1,17,189.3326914,24197.2708,26,4.75,4.8,4.777777778,5,3,1,NA,NA,NA
18,female,6,2,21,175.480733,24196.6308,27,4.25,5,4.666666667,5,3,2,NA,NA,NA
18,female,6,3,13,174.2081374,24198.7656,28,5,5,5,5,3,1,NA,NA,NA
18,female,6,4,10,172.3102146,24196.514,29,5,4.8,4.888888889,4,2,1,NA,NA,NA
18,female,6,5,17,185.1109747,24198.9772,30,4.5,4.6,4.555555556,3,2,1,3,4,4
18,female,7,1,20,199.1663946,24198.206,31,4.25,4.8,4.555555556,4,3,1,NA,NA,NA
18,female,7,2,18,198.4373427,24198.0364,32,4.25,4.6,4.444444444,4,3,2,NA,NA,NA
18,female,7,3,17,180.0574959,24197.004,33,4.25,4.6,4.444444444,4,3,2,NA,NA,NA
18,female,7,4,16,193.0457625,24199.03,34,3.75,4.8,4.333333333,4,3,2,NA,NA,NA
18,female,7,5,22,193.6052667,24197.2288,35,3.75,4.6,4.222222222,4,3,2,5,3,5
18,female,8,1,22,198.6747114,24197.934,36,4.25,4.6,4.444444444,4,3,2,NA,NA,NA
18,female,8,2,18,183.3646511,24198.0912,37,4.25,4.8,4.555555556,4,3,1,NA,NA,NA
18,female,8,3,16,195.2658318,24197.9532,38,4.25,4.8,4.555555556,4,3,1,NA,NA,NA
18,female,8,4,17,193.7578597,24197.17,39,4.25,5,4.666666667,4,3,1,NA,NA,NA
18,female,8,5,19,182.6016912,24198.4524,40,4.25,5,4.666666667,4,3,2,4,4,5
